<?xml version="1.0" encoding="UTF-8"?>
<!-- 
    WordPress eXtended RSS (WXR) Import File
    Generated for: Eat Is Family - Events
    Import via: WordPress Admin > Tools > Import > WordPress
-->
<rss version="2.0"
    xmlns:excerpt="http://wordpress.org/export/1.2/excerpt/"
    xmlns:content="http://purl.org/rss/1.0/modules/content/"
    xmlns:wfw="http://wellformedweb.org/CommentAPI/"
    xmlns:dc="http://purl.org/dc/elements/1.1/"
    xmlns:wp="http://wordpress.org/export/1.2/"
>
<channel>
    <title>Eat Is Family - Events</title>
    <link>https://eatisfamily.com</link>
    <description>Events import for Eat Is Family website</description>
    <pubDate>Mon, 27 Jan 2026 00:00:00 +0000</pubDate>
    <language>en-US</language>
    <wp:wxr_version>1.2</wp:wxr_version>
    <wp:base_site_url>https://eatisfamily.com</wp:base_site_url>
    <wp:base_blog_url>https://eatisfamily.com</wp:base_blog_url>

    <!-- Event 1: The Adidas Arena -->
    <item>
        <title><![CDATA[The Adidas Arena]]></title>
        <link>https://eatisfamily.com/event/adidas-arena/</link>
        <pubDate>Mon, 27 Jan 2026 00:00:00 +0000</pubDate>
        <dc:creator><![CDATA[admin]]></dc:creator>
        <guid isPermaLink="false">https://eatisfamily.com/?post_type=event&amp;p=1</guid>
        <description></description>
        <content:encoded><![CDATA[<p>We are proud to announce our partnership as the street food concessionaire for the Didas Arena for four consecutive years. As specialists in catering for the general public, we are passionate and dedicated to delighting visitors to this iconic sporting and cultural venue with our delicious selection of street food.</p>
<p>At Eat is Family, we pride ourselves on using fresh, local, and homemade ingredients. We believe in showcasing our local produce in every dish, to offer you an authentic and flavorful experience.</p>]]></content:encoded>
        <excerpt:encoded><![CDATA[We are proud to announce our partnership as the street food concessionaire for the Didas Arena for four consecutive years.]]></excerpt:encoded>
        <wp:post_id>1</wp:post_id>
        <wp:post_date><![CDATA[2026-01-27 00:00:00]]></wp:post_date>
        <wp:post_date_gmt><![CDATA[2026-01-27 00:00:00]]></wp:post_date_gmt>
        <wp:post_modified><![CDATA[2026-01-27 00:00:00]]></wp:post_modified>
        <wp:post_modified_gmt><![CDATA[2026-01-27 00:00:00]]></wp:post_modified_gmt>
        <wp:comment_status><![CDATA[closed]]></wp:comment_status>
        <wp:ping_status><![CDATA[closed]]></wp:ping_status>
        <wp:post_name><![CDATA[adidas-arena]]></wp:post_name>
        <wp:status><![CDATA[publish]]></wp:status>
        <wp:post_parent>0</wp:post_parent>
        <wp:menu_order>0</wp:menu_order>
        <wp:post_type><![CDATA[event]]></wp:post_type>
        <wp:post_password><![CDATA[]]></wp:post_password>
        <wp:is_sticky>0</wp:is_sticky>
        <wp:postmeta>
            <wp:meta_key><![CDATA[original_id]]></wp:meta_key>
            <wp:meta_value><![CDATA[1]]></wp:meta_value>
        </wp:postmeta>
        <wp:postmeta>
            <wp:meta_key><![CDATA[event_type]]></wp:meta_key>
            <wp:meta_value><![CDATA[Venue Partnership]]></wp:meta_value>
        </wp:postmeta>
        <wp:postmeta>
            <wp:meta_key><![CDATA[featured_image_url]]></wp:meta_key>
            <wp:meta_value><![CDATA[/images/vap.jpg]]></wp:meta_value>
        </wp:postmeta>
    </item>

    <!-- Event 2: Garorock Lolapalooza -->
    <item>
        <title><![CDATA[Garorock Lolapalooza]]></title>
        <link>https://eatisfamily.com/event/garorock-lolapalooza/</link>
        <pubDate>Mon, 27 Jan 2026 00:00:00 +0000</pubDate>
        <dc:creator><![CDATA[admin]]></dc:creator>
        <guid isPermaLink="false">https://eatisfamily.com/?post_type=event&amp;p=2</guid>
        <description></description>
        <content:encoded><![CDATA[<p>The Beast, our iconic brand, has delighted more than 50,000 festival-goers at prestigious events such as Garorock and Lolapalooza.</p>
<p>A memorable collaboration with Adrien Cachot at the Garorock Festival gave birth to a revisited Smash Burger, accompanied by a smoked mussel mayonnaise, offering an epic taste experience.</p>]]></content:encoded>
        <excerpt:encoded><![CDATA[The Beast, our iconic brand, has delighted more than 50,000 festival-goers at prestigious events such as Garorock and Lolapalooza.]]></excerpt:encoded>
        <wp:post_id>2</wp:post_id>
        <wp:post_date><![CDATA[2026-01-27 00:00:00]]></wp:post_date>
        <wp:post_date_gmt><![CDATA[2026-01-27 00:00:00]]></wp:post_date_gmt>
        <wp:post_modified><![CDATA[2026-01-27 00:00:00]]></wp:post_modified>
        <wp:post_modified_gmt><![CDATA[2026-01-27 00:00:00]]></wp:post_modified_gmt>
        <wp:comment_status><![CDATA[closed]]></wp:comment_status>
        <wp:ping_status><![CDATA[closed]]></wp:ping_status>
        <wp:post_name><![CDATA[garorock-lolapalooza]]></wp:post_name>
        <wp:status><![CDATA[publish]]></wp:status>
        <wp:post_parent>0</wp:post_parent>
        <wp:menu_order>0</wp:menu_order>
        <wp:post_type><![CDATA[event]]></wp:post_type>
        <wp:post_password><![CDATA[]]></wp:post_password>
        <wp:is_sticky>0</wp:is_sticky>
        <wp:postmeta>
            <wp:meta_key><![CDATA[original_id]]></wp:meta_key>
            <wp:meta_value><![CDATA[2]]></wp:meta_value>
        </wp:postmeta>
        <wp:postmeta>
            <wp:meta_key><![CDATA[event_type]]></wp:meta_key>
            <wp:meta_value><![CDATA[Festival]]></wp:meta_value>
        </wp:postmeta>
        <wp:postmeta>
            <wp:meta_key><![CDATA[featured_image_url]]></wp:meta_key>
            <wp:meta_value><![CDATA[/images/vap.jpg]]></wp:meta_value>
        </wp:postmeta>
    </item>

    <!-- Event 3: 24 Hours of Le Mans -->
    <item>
        <title><![CDATA[24 Hours of Le Mans]]></title>
        <link>https://eatisfamily.com/event/24-hours-le-mans/</link>
        <pubDate>Mon, 27 Jan 2026 00:00:00 +0000</pubDate>
        <dc:creator><![CDATA[admin]]></dc:creator>
        <guid isPermaLink="false">https://eatisfamily.com/?post_type=event&amp;p=3</guid>
        <description></description>
        <content:encoded><![CDATA[<p>For the past three years, we have been proud to support each event, whether it's the Le Mans car, motorcycle, or truck races, or the Explorer GP.</p>
<p>Our iconic brand, Saucette, has delighted thrill-seekers at every edition. See 24 Hours of Le Mans public catering.</p>]]></content:encoded>
        <excerpt:encoded><![CDATA[For the past three years, we have been proud to support each event, whether it's the Le Mans car, motorcycle, or truck races.]]></excerpt:encoded>
        <wp:post_id>3</wp:post_id>
        <wp:post_date><![CDATA[2026-01-27 00:00:00]]></wp:post_date>
        <wp:post_date_gmt><![CDATA[2026-01-27 00:00:00]]></wp:post_date_gmt>
        <wp:post_modified><![CDATA[2026-01-27 00:00:00]]></wp:post_modified>
        <wp:post_modified_gmt><![CDATA[2026-01-27 00:00:00]]></wp:post_modified_gmt>
        <wp:comment_status><![CDATA[closed]]></wp:comment_status>
        <wp:ping_status><![CDATA[closed]]></wp:ping_status>
        <wp:post_name><![CDATA[24-hours-le-mans]]></wp:post_name>
        <wp:status><![CDATA[publish]]></wp:status>
        <wp:post_parent>0</wp:post_parent>
        <wp:menu_order>0</wp:menu_order>
        <wp:post_type><![CDATA[event]]></wp:post_type>
        <wp:post_password><![CDATA[]]></wp:post_password>
        <wp:is_sticky>0</wp:is_sticky>
        <wp:postmeta>
            <wp:meta_key><![CDATA[original_id]]></wp:meta_key>
            <wp:meta_value><![CDATA[3]]></wp:meta_value>
        </wp:postmeta>
        <wp:postmeta>
            <wp:meta_key><![CDATA[event_type]]></wp:meta_key>
            <wp:meta_value><![CDATA[Sports Event]]></wp:meta_value>
        </wp:postmeta>
        <wp:postmeta>
            <wp:meta_key><![CDATA[featured_image_url]]></wp:meta_key>
            <wp:meta_value><![CDATA[/images/voup.jpg]]></wp:meta_value>
        </wp:postmeta>
    </item>

    <!-- Event 4: Paris Basket Event -->
    <item>
        <title><![CDATA[Paris Basket Event]]></title>
        <link>https://eatisfamily.com/event/paris-basket/</link>
        <pubDate>Mon, 27 Jan 2026 00:00:00 +0000</pubDate>
        <dc:creator><![CDATA[admin]]></dc:creator>
        <guid isPermaLink="false">https://eatisfamily.com/?post_type=event&amp;p=4</guid>
        <description></description>
        <content:encoded><![CDATA[<p>Eat is Family is proud to be the annual partner of Paris Basketball. As a trusted food provider, we have supported the team for several years at all their games, showcasing our specialties such as burgers, sausages, and hot dogs.</p>
<p>This ongoing commitment strengthens our special connection with the world of sport, while offering exceptional culinary experiences during these sporting events.</p>]]></content:encoded>
        <excerpt:encoded><![CDATA[Eat is Family is proud to be the annual partner of Paris Basketball. As a trusted food provider, we have supported the team for several years.]]></excerpt:encoded>
        <wp:post_id>4</wp:post_id>
        <wp:post_date><![CDATA[2026-01-27 00:00:00]]></wp:post_date>
        <wp:post_date_gmt><![CDATA[2026-01-27 00:00:00]]></wp:post_date_gmt>
        <wp:post_modified><![CDATA[2026-01-27 00:00:00]]></wp:post_modified>
        <wp:post_modified_gmt><![CDATA[2026-01-27 00:00:00]]></wp:post_modified_gmt>
        <wp:comment_status><![CDATA[closed]]></wp:comment_status>
        <wp:ping_status><![CDATA[closed]]></wp:ping_status>
        <wp:post_name><![CDATA[paris-basket]]></wp:post_name>
        <wp:status><![CDATA[publish]]></wp:status>
        <wp:post_parent>0</wp:post_parent>
        <wp:menu_order>0</wp:menu_order>
        <wp:post_type><![CDATA[event]]></wp:post_type>
        <wp:post_password><![CDATA[]]></wp:post_password>
        <wp:is_sticky>0</wp:is_sticky>
        <wp:postmeta>
            <wp:meta_key><![CDATA[original_id]]></wp:meta_key>
            <wp:meta_value><![CDATA[4]]></wp:meta_value>
        </wp:postmeta>
        <wp:postmeta>
            <wp:meta_key><![CDATA[event_type]]></wp:meta_key>
            <wp:meta_value><![CDATA[Sports Event]]></wp:meta_value>
        </wp:postmeta>
        <wp:postmeta>
            <wp:meta_key><![CDATA[featured_image_url]]></wp:meta_key>
            <wp:meta_value><![CDATA[/images/voup.jpg]]></wp:meta_value>
        </wp:postmeta>
    </item>

    <!-- Event 5: The Hellfest Festival -->
    <item>
        <title><![CDATA[The Hellfest Festival]]></title>
        <link>https://eatisfamily.com/event/hellfest/</link>
        <pubDate>Mon, 27 Jan 2026 00:00:00 +0000</pubDate>
        <dc:creator><![CDATA[admin]]></dc:creator>
        <guid isPermaLink="false">https://eatisfamily.com/?post_type=event&amp;p=5</guid>
        <description></description>
        <content:encoded><![CDATA[<p>For two consecutive years, our brand, The Beast, has been a key player in the Hellfest festival.</p>
<ul>
<li>More than 2000 burgers sold per day</li>
<li>In 2023, we were voted "best smash burger"</li>
</ul>]]></content:encoded>
        <excerpt:encoded><![CDATA[For two consecutive years, our brand, The Beast, has been a key player in the Hellfest festival. More than 2000 burgers sold per day.]]></excerpt:encoded>
        <wp:post_id>5</wp:post_id>
        <wp:post_date><![CDATA[2026-01-27 00:00:00]]></wp:post_date>
        <wp:post_date_gmt><![CDATA[2026-01-27 00:00:00]]></wp:post_date_gmt>
        <wp:post_modified><![CDATA[2026-01-27 00:00:00]]></wp:post_modified>
        <wp:post_modified_gmt><![CDATA[2026-01-27 00:00:00]]></wp:post_modified_gmt>
        <wp:comment_status><![CDATA[closed]]></wp:comment_status>
        <wp:ping_status><![CDATA[closed]]></wp:ping_status>
        <wp:post_name><![CDATA[hellfest]]></wp:post_name>
        <wp:status><![CDATA[publish]]></wp:status>
        <wp:post_parent>0</wp:post_parent>
        <wp:menu_order>0</wp:menu_order>
        <wp:post_type><![CDATA[event]]></wp:post_type>
        <wp:post_password><![CDATA[]]></wp:post_password>
        <wp:is_sticky>0</wp:is_sticky>
        <wp:postmeta>
            <wp:meta_key><![CDATA[original_id]]></wp:meta_key>
            <wp:meta_value><![CDATA[5]]></wp:meta_value>
        </wp:postmeta>
        <wp:postmeta>
            <wp:meta_key><![CDATA[event_type]]></wp:meta_key>
            <wp:meta_value><![CDATA[Festival]]></wp:meta_value>
        </wp:postmeta>
        <wp:postmeta>
            <wp:meta_key><![CDATA[featured_image_url]]></wp:meta_key>
            <wp:meta_value><![CDATA[/images/vap.jpg]]></wp:meta_value>
        </wp:postmeta>
    </item>

    <!-- Event 6: The Balmain Festival -->
    <item>
        <title><![CDATA[The Balmain Festival]]></title>
        <link>https://eatisfamily.com/event/balmain-festival/</link>
        <pubDate>Mon, 27 Jan 2026 00:00:00 +0000</pubDate>
        <dc:creator><![CDATA[admin]]></dc:creator>
        <guid isPermaLink="false">https://eatisfamily.com/?post_type=event&amp;p=6</guid>
        <description></description>
        <content:encoded><![CDATA[<p>We support venue operators through operational consulting—helping optimize kitchen workflows, staffing structures, logistics, and service delivery.</p>
<p>Our approach is grounded in real field expertise: the way teams communicate, how meals are prepared at scale, and how service truly runs when the pressure is high.</p>]]></content:encoded>
        <excerpt:encoded><![CDATA[We support venue operators through operational consulting—helping optimize kitchen workflows, staffing structures, logistics, and service delivery.]]></excerpt:encoded>
        <wp:post_id>6</wp:post_id>
        <wp:post_date><![CDATA[2026-01-27 00:00:00]]></wp:post_date>
        <wp:post_date_gmt><![CDATA[2026-01-27 00:00:00]]></wp:post_date_gmt>
        <wp:post_modified><![CDATA[2026-01-27 00:00:00]]></wp:post_modified>
        <wp:post_modified_gmt><![CDATA[2026-01-27 00:00:00]]></wp:post_modified_gmt>
        <wp:comment_status><![CDATA[closed]]></wp:comment_status>
        <wp:ping_status><![CDATA[closed]]></wp:ping_status>
        <wp:post_name><![CDATA[balmain-festival]]></wp:post_name>
        <wp:status><![CDATA[publish]]></wp:status>
        <wp:post_parent>0</wp:post_parent>
        <wp:menu_order>0</wp:menu_order>
        <wp:post_type><![CDATA[event]]></wp:post_type>
        <wp:post_password><![CDATA[]]></wp:post_password>
        <wp:is_sticky>0</wp:is_sticky>
        <wp:postmeta>
            <wp:meta_key><![CDATA[original_id]]></wp:meta_key>
            <wp:meta_value><![CDATA[6]]></wp:meta_value>
        </wp:postmeta>
        <wp:postmeta>
            <wp:meta_key><![CDATA[event_type]]></wp:meta_key>
            <wp:meta_value><![CDATA[Fashion Event]]></wp:meta_value>
        </wp:postmeta>
        <wp:postmeta>
            <wp:meta_key><![CDATA[featured_image_url]]></wp:meta_key>
            <wp:meta_value><![CDATA[/images/voup.jpg]]></wp:meta_value>
        </wp:postmeta>
    </item>

</channel>
</rss>
